direction,episode,eps,infeas_rate,min_margin,objective,seed,track_rmse,viol_any,viol_freq,viol_integral,viol_max,viol_mean
normal,0,-0.1,0.3333333333333333,-0.4874642217651226,26.916477485640094,0,0.5415066783247521,1.0,0.3770491803278688,5.610229744238832,0.4874642217651226,0.24392303235821008
normal,1,-0.1,0.25,-0.41144586256918714,26.622516240633928,0,0.5283338830333261,1.0,0.36065573770491804,5.054025355805226,0.41144586256918714,0.22972842526387394
normal,2,-0.1,0.25,-0.4956428271436135,28.754146062427328,0,0.5553527442194067,1.0,0.36065573770491804,5.552910208745047,0.4956428271436135,0.2524050094884112
normal,3,-0.1,0.25,-0.4617328726855946,28.23899294265897,0,0.5493606292480457,1.0,0.36065573770491804,4.825774768060282,0.4617328726855946,0.2193533985481946
normal,0,-0.05,0.25,-0.19389439920469498,12.97499536211929,0,0.34040444011703413,1.0,0.2786885245901639,1.807707331223701,0.19389439920469498,0.10633572536610006
normal,1,-0.05,0.25,-0.2191081709770759,9.610890914726529,0,0.28702227644956196,1.0,0.2786885245901639,1.6631759250519134,0.2191081709770759,0.09783387794423018
normal,2,-0.05,0.25,-0.1978757228042709,14.647379495810526,0,0.3687358042695187,1.0,0.29508196721311475,1.7628979252581765,0.1978757228042709,0.09793877362545425
normal,3,-0.05,0.25,-0.21359799806914814,11.573723585039243,0,0.3247029362981661,1.0,0.2786885245901639,2.0445662696036564,0.21359799806914814,0.12026860409433272
normal,0,0.0,0.0,1.4133361148083168e-11,6.333836511406656,0,0.27062107078022024,0.0,0.0,0.0,0.0,0.0
normal,1,0.0,0.0,5.267342118031593e-12,2.9165343907351065,0,0.16220436287924023,0.0,0.0,0.0,0.0,0.0
normal,2,0.0,0.0,2.869744442079991e-10,8.483641353183565,0,0.31751208392199465,0.0,0.0,0.0,0.0,0.0
normal,3,0.0,0.0,-1.3551493260877123e-11,5.744326536135023,0,0.2554352061127443,0.0,0.0,1.3551493260877123e-11,1.3551493260877123e-11,1.3551493260877123e-11
normal,0,0.05,0.0,0.1595802478958861,15.572843483393232,0,0.45336113472113887,0.0,0.0,0.0,0.0,0.0
normal,1,0.05,0.0,0.18062625821136158,10.761923775604751,0,0.3734188061090687,0.0,0.0,0.0,0.0,0.0
normal,2,0.05,0.08333333333333333,0.14565076454307135,18.175565742578026,0,0.4898499131278699,0.0,0.0,0.0,0.0,0.0
normal,3,0.05,0.0,0.15325335811048313,14.648563555959912,0,0.43811420150881547,0.0,0.0,0.0,0.0,0.0
normal,0,0.1,0.0,0.3586413540210234,36.32712063092036,0,0.7162438412206101,0.0,0.0,0.0,0.0,0.0
normal,1,0.1,0.0,0.3999668845697286,29.966958009905294,0,0.6517124930241809,0.0,0.0,0.0,0.0,0.0
normal,2,0.1,0.0,0.33468645127323327,39.30039323346011,0,0.7431314345964806,0.0,0.0,0.0,0.0,0.0
normal,3,0.1,0.0,0.36859868514666316,34.89252510326683,0,0.7016007710937056,0.0,0.0,0.0,0.0,0.0
tangent,0,-0.1,0.25,-0.21857984243276407,41.4048311673044,0,0.7242634143830118,1.0,0.22950819672131148,1.6261582200343971,0.21857984243276407,0.11615415857388553
tangent,1,-0.1,0.25,-0.20082529497963475,32.336998268897105,0,0.6438973790844176,1.0,0.2459016393442623,1.4039724739135755,0.20082529497963475,0.09359816492757173
tangent,2,-0.1,0.25,-0.25002951581907507,42.167092369138814,0,0.7317510700507799,1.0,0.21311475409836064,1.640430350032845,0.25002951581907507,0.12618695000252655
tangent,3,-0.1,0.25,-0.22149351546958862,36.48938866857393,0,0.6778330136141795,1.0,0.22950819672131148,1.6555069573074117,0.22149351546958862,0.11825049695052939
tangent,0,-0.05,0.16666666666666666,-0.12492695963635203,13.001770935431406,0,0.3811421073149114,1.0,0.19672131147540983,0.6839088407345605,0.12492695963635203,0.056992403394546705
tangent,1,-0.05,0.16666666666666666,-0.10625354852288171,9.70403349069447,0,0.32086254883869575,1.0,0.14754098360655737,0.47735668404301224,0.10625354852288171,0.05303963156033469
tangent,2,-0.05,0.16666666666666666,-0.13179325509486295,14.674533297884551,0,0.4099635252991655,1.0,0.21311475409836064,0.747625104629006,0.13179325509486295,0.057509623433000465
tangent,3,-0.05,0.16666666666666666,-0.12113177047798274,12.188320495823131,0,0.3686304110129866,1.0,0.19672131147540983,0.6205347592197268,0.12113177047798274,0.05171122993497723
tangent,0,0.0,0.0,1.4133361148083168e-11,6.333836511406656,0,0.27062107078022024,0.0,0.0,0.0,0.0,0.0
tangent,1,0.0,0.0,5.267342118031593e-12,2.9165343907351065,0,0.16220436287924023,0.0,0.0,0.0,0.0,0.0
tangent,2,0.0,0.0,2.869744442079991e-10,8.483641353183565,0,0.31751208392199465,0.0,0.0,0.0,0.0,0.0
tangent,3,0.0,0.0,-1.3551493260877123e-11,5.744326536135023,0,0.2554352061127443,0.0,0.0,1.3551493260877123e-11,1.3551493260877123e-11,1.3551493260877123e-11
tangent,0,0.05,0.0,0.060042432749758845,13.7634610907964,0,0.42579027092321203,0.0,0.0,0.0,0.0,0.0
tangent,1,0.05,0.0,0.0678114661854361,9.716618306812626,0,0.35735117048384646,0.0,0.0,0.0,0.0,0.0
tangent,2,0.05,0.0,0.0616607516124732,16.182146809102317,0,0.4556862904247574,0.0,0.0,0.0,0.0,0.0
tangent,3,0.05,0.0,0.06890058067646887,13.093996867445972,0,0.41242300104486784,0.0,0.0,0.0,0.0,0.0
tangent,0,0.1,0.0,0.13830301616708884,32.50181705496222,0,0.6789793339393833,0.0,0.0,0.0,0.0,0.0
tangent,1,0.1,0.0,0.17088053268381076,28.51910409675996,0,0.6408941046704375,0.0,0.0,0.0,0.0,0.0
tangent,2,0.1,0.0,0.1298818616808477,34.95182833386001,0,0.696317702723165,0.0,0.0,0.0,0.0,0.0
tangent,3,0.1,0.0,0.15219408546164792,31.91792026903995,0,0.6708844000567438,0.0,0.0,0.0,0.0,0.0
random,0,-0.1,0.16666666666666666,1.9707277799353697,576.5866909407715,0,3.0999635558775482,0.0,0.0,0.0,0.0,0.0
random,1,-0.1,0.4166666666666667,1.9922444071439207,544.0914371909092,0,3.0113416389855447,0.0,0.0,0.0,0.0,0.0
random,2,-0.1,0.0,2.1593205524335413,611.7894795224647,0,3.1931945329676386,0.0,0.0,0.0,0.0,0.0
random,3,-0.1,0.16666666666666666,2.25835908125113,589.8750753017871,0,3.1354810572400145,0.0,0.0,0.0,0.0,0.0
random,0,-0.05,0.0,1.9955640852043288,581.2221445875887,0,3.1124003185847537,0.0,0.0,0.0,0.0,0.0
random,1,-0.05,0.0,2.1138212610002074,559.5061038887499,0,3.0537029540345215,0.0,0.0,0.0,0.0,0.0
random,2,-0.05,0.0,2.1593205524335413,611.7894795224647,0,3.1931945329676386,0.0,0.0,0.0,0.0,0.0
random,3,-0.05,0.0,2.0822319595534156,573.4663812554558,0,3.091564817519481,0.0,0.0,0.0,0.0,0.0
random,0,0.0,0.0,1.4133361148083168e-11,6.333836511406656,0,0.27062107078022024,0.0,0.0,0.0,0.0,0.0
random,1,0.0,0.0,5.267342118031593e-12,2.9165343907351065,0,0.16220436287924023,0.0,0.0,0.0,0.0,0.0
random,2,0.0,0.0,2.869744442079991e-10,8.483641353183565,0,0.31751208392199465,0.0,0.0,0.0,0.0,0.0
random,3,0.0,0.0,-1.3551493260877123e-11,5.744326536135023,0,0.2554352061127443,0.0,0.0,1.3551493260877123e-11,1.3551493260877123e-11,1.3551493260877123e-11
random,0,0.05,0.0,1.9955640852043288,581.2221445875887,0,3.1124003185847537,0.0,0.0,0.0,0.0,0.0
random,1,0.05,0.0,2.1138212610002074,559.5061038887499,0,3.0537029540345215,0.0,0.0,0.0,0.0,0.0
random,2,0.05,0.08333333333333333,2.100663762619709,601.2846933588656,0,3.165660341963807,0.0,0.0,0.0,0.0,0.0
random,3,0.05,0.08333333333333333,2.116352939190495,582.6738011227743,0,3.1162836271678693,0.0,0.0,0.0,0.0,0.0
random,0,0.1,0.0,1.9955640852043288,581.2221445875887,0,3.1124003185847537,0.0,0.0,0.0,0.0,0.0
random,1,0.1,0.0,2.1138212610002074,559.5061038887499,0,3.0537029540345215,0.0,0.0,0.0,0.0,0.0
random,2,0.1,0.25,2.1397087593523128,609.1982983907752,0,3.186423312001753,0.0,0.0,0.0,0.0,0.0
random,3,0.1,0.0,2.0822319595534156,573.4663812554558,0,3.091564817519481,0.0,0.0,0.0,0.0,0.0
normal,0,-0.1,0.25,-0.3745233422242944,26.36184317482271,1,0.5457691862437479,1.0,0.26229508196721313,3.6890520423004203,0.3745233422242944,0.23056575264377627
normal,1,-0.1,0.3333333333333333,-0.3678006950261622,28.882805040210776,1,0.5649585421384425,1.0,0.39344262295081966,4.632783391369664,0.3678006950261622,0.19303264130706932
normal,2,-0.1,0.3333333333333333,-0.5186931869424127,30.607406635817256,1,0.5825775873046702,1.0,0.36065573770491804,5.891193883555543,0.5186931869424127,0.2677815401616156
normal,3,-0.1,0.3333333333333333,-0.45188902740384873,28.247272649640305,1,0.5642433795271949,1.0,0.39344262295081966,5.056611645858123,0.45188902740384873,0.2106921519107551
normal,0,-0.05,0.08333333333333333,-0.2307810388918795,8.00723025868153,1,0.27848266485200024,1.0,0.16393442622950818,1.0504433824971424,0.2307810388918795,0.10504433824971422
normal,1,-0.05,0.25,-0.22884099449821338,13.070306878183917,1,0.35348751162071035,1.0,0.2786885245901639,2.259059084016654,0.22884099449821338,0.1328858284715679
normal,2,-0.05,0.3333333333333333,-0.20320837717757256,17.927171544671655,1,0.42182694140615756,1.0,0.26229508196721313,1.4930016152172905,0.20320837717757256,0.09331260095108065
normal,3,-0.05,0.3333333333333333,-0.20609268911330791,15.564287466329125,1,0.38120485643551905,1.0,0.2786885245901639,1.7560017158736845,0.20609268911330791,0.10329421858080495
normal,0,0.0,0.0,4.409709530861505e-08,1.1069884723994439,1,0.030181616867630604,0.0,0.0,0.0,0.0,0.0
normal,1,0.0,0.0,2.588083081178638e-10,7.835708999355844,1,0.305706848245431,0.0,0.0,0.0,0.0,0.0
normal,2,0.0,0.08333333333333333,3.6548541970660153e-13,10.883577922751096,1,0.36265166142472943,0.0,0.0,0.0,0.0,0.0
normal,3,0.0,0.0,5.002478431492818e-10,8.979322046720307,1,0.3274413940597955,0.0,0.0,0.0,0.0,0.0
normal,0,0.05,0.0,0.21279189494668804,7.284526228742538,1,0.3017520488558726,0.0,0.0,0.0,0.0,0.0
normal,1,0.05,0.0,0.1566526619569939,17.33593298549724,1,0.47974934667097124,0.0,0.0,0.0,0.0,0.0
normal,2,0.05,0.16666666666666666,0.1380854346057967,21.201306580264024,1,0.5289029539657626,0.0,0.0,0.0,0.0,0.0
normal,3,0.05,0.0,0.14684425184646743,18.819655564090574,1,0.49872242822240437,0.0,0.0,0.0,0.0,0.0
normal,0,0.1,0.0,0.4848122268390176,25.15432344959655,1,0.599648793492428,0.0,0.0,0.0,0.0,0.0
normal,1,0.1,0.0,0.3291281203524159,38.28972311205107,1,0.7331815913780737,0.0,0.0,0.0,0.0,0.0
normal,2,0.1,0.08333333333333333,0.3247526118666364,43.80343023158987,1,0.7786388553293583,0.0,0.0,0.0,0.0,0.0
normal,3,0.1,0.0,0.3312825986599923,39.95865930696012,1,0.7482011361603375,0.0,0.0,0.0,0.0,0.0
tangent,0,-0.1,0.16666666666666666,-0.11370995753988644,26.588334040573535,1,0.603735187584899,1.0,0.16393442622950818,0.5997033314705109,0.11370995753988644,0.059970333147051094
tangent,1,-0.1,0.25,-0.24468924168255224,35.82254170380046,1,0.669776829149823,1.0,0.2459016393442623,1.6113277895366656,0.24468924168255224,0.10742185263577769
tangent,2,-0.1,0.3333333333333333,-0.25081657903583066,46.509037731107085,1,0.7728749208497278,1.0,0.2459016393442623,1.837894344445091,0.25081657903583066,0.12252628962967275
tangent,3,-0.1,0.0,0.13397070597467486,35.507354788393975,1,0.699515807321284,0.0,0.0,0.0,0.0,0.0
tangent,0,-0.05,0.16666666666666666,-0.07132900495262973,8.374040587806132,1,0.2985598269928893,1.0,0.08196721311475409,0.20195839302018148,0.07132900495262973,0.040391678604036294
tangent,1,-0.05,0.25,-0.12782773059481978,16.255478613887565,1,0.4249747457308117,1.0,0.19672131147540983,0.7742830731442878,0.12782773059481978,0.06452358942869064
tangent,2,-0.05,0.08333333333333333,0.055593961938889436,18.883682514097316,1,0.49037440027384954,0.0,0.0,0.0,0.0,0.0
tangent,3,-0.05,0.0,0.07313491787649506,16.623841226758763,1,0.4621765173997857,0.0,0.0,0.0,0.0,0.0
tangent,0,0.0,0.0,4.409709530861505e-08,1.1069884723994439,1,0.030181616867630604,0.0,0.0,0.0,0.0,0.0
tangent,1,0.0,0.0,2.588083081178638e-10,7.835708999355844,1,0.305706848245431,0.0,0.0,0.0,0.0,0.0
tangent,2,0.0,0.08333333333333333,3.6548541970660153e-13,10.883577922751096,1,0.36265166142472943,0.0,0.0,0.0,0.0,0.0
tangent,3,0.0,0.0,5.002478431492818e-10,8.979322046720307,1,0.3274413940597955,0.0,0.0,0.0,0.0,0.0
tangent,0,0.05,0.0,0.07632201591720045,7.270221542518257,1,0.3089818285359327,0.0,0.0,0.0,0.0,0.0
tangent,1,0.05,0.0,0.06689673290125975,15.35494647047824,1,0.4483226772606738,0.0,0.0,0.0,0.0,0.0
tangent,2,0.05,0.08333333333333333,0.053916411983174095,18.982475178705407,1,0.48973110538596804,0.0,0.0,0.0,0.0,0.0
tangent,3,0.05,0.16666666666666666,-0.13195305059259999,15.748215486328357,1,0.4218679686672909,1.0,0.21311475409836064,0.737851429132333,0.13195305059259999,0.056757802240948695
tangent,0,0.1,0.0,0.19876249095851506,26.0713010742135,1,0.6191599261465611,0.0,0.0,0.0,0.0,0.0
tangent,1,0.1,0.0,0.16631589137000624,33.99600204835083,1,0.6878493589180182,0.0,0.0,0.0,0.0,0.0
tangent,2,0.1,0.3333333333333333,-0.2418017814997957,45.219718993643696,1,0.7609785689963192,1.0,0.2459016393442623,1.8111256642631548,0.2418017814997957,0.12074171095087699
tangent,3,0.1,0.25,-0.25537183752054626,39.702876443986504,1,0.7066149658400801,1.0,0.2459016393442623,1.670947718560388,0.25537183752054626,0.11139651457069252
random,0,-0.1,0.0,2.293566604948615,584.0564411328885,1,3.119979810652863,0.0,0.0,0.0,0.0,0.0
random,1,-0.1,0.0,2.258925555704019,569.0093760608848,1,3.0795273516725867,0.0,0.0,0.0,0.0,0.0
random,2,-0.1,0.0,1.9561181866387019,569.596748193115,1,3.0811165405664087,0.0,0.0,0.0,0.0,0.0
random,3,-0.1,0.0,2.1817163803639614,584.3222497176716,1,3.120689693314796,0.0,0.0,0.0,0.0,0.0
random,0,-0.05,0.0,2.293566604948615,584.0564411328885,1,3.119979810652863,0.0,0.0,0.0,0.0,0.0
random,1,-0.05,0.08333333333333333,2.15381025847348,560.3266943926611,1,3.055940659690683,0.0,0.0,0.0,0.0,0.0
random,2,-0.05,0.0,1.9561181866387019,569.596748193115,1,3.0811165405664087,0.0,0.0,0.0,0.0,0.0
random,3,-0.05,0.0,2.1817163803639614,584.3222497176716,1,3.120689693314796,0.0,0.0,0.0,0.0,0.0
random,0,0.0,0.0,4.409709530861505e-08,1.1069884723994439,1,0.030181616867630604,0.0,0.0,0.0,0.0,0.0
random,1,0.0,0.0,2.588083081178638e-10,7.835708999355844,1,0.305706848245431,0.0,0.0,0.0,0.0,0.0
random,2,0.0,0.08333333333333333,3.6548541970660153e-13,10.883577922751096,1,0.36265166142472943,0.0,0.0,0.0,0.0,0.0
random,3,0.0,0.0,5.002478431492818e-10,8.979322046720307,1,0.3274413940597955,0.0,0.0,0.0,0.0,0.0
random,0,0.05,0.16666666666666666,2.1543585431614956,569.1432638949427,1,3.0798891438396323,0.0,0.0,0.0,0.0,0.0
random,1,0.05,0.16666666666666666,2.3921784662845273,586.2727542304234,1,3.125892279289303,0.0,0.0,0.0,0.0,0.0
random,2,0.05,0.08333333333333333,2.292800927795401,623.3409345609753,1,3.2231971127671493,0.0,0.0,0.0,0.0,0.0
random,3,0.05,0.08333333333333333,2.134627017620062,581.4246934354238,1,3.1129409763066183,0.0,0.0,0.0,0.0,0.0
random,0,0.1,0.0,2.293566604948615,584.0564411328885,1,3.119979810652863,0.0,0.0,0.0,0.0,0.0
random,1,0.1,0.16666666666666666,2.107704018041014,550.1042704881013,1,3.027936034015592,0.0,0.0,0.0,0.0,0.0
random,2,0.1,0.0,1.9561181866387019,569.596748193115,1,3.0811165405664087,0.0,0.0,0.0,0.0,0.0
random,3,0.1,0.16666666666666666,2.298072652394731,597.5075922286601,1,3.155701291473212,0.0,0.0,0.0,0.0,0.0
